rank	title	subs	favs	lifetime_subs	tags
1	Calamity Mod	9736718	238830	10275480	new content;Utilities;Gameplay Tweaks;Audio Tweaks
2	Calamity Mod Music	9276142	193624	9761942	new content;Audio Tweaks;Both;1.4.4
3	Recipe Browser	8327683	214394	8812901	Utilities;quality of life;English;Spanish
4	Boss Checklist	8200677	203989	8644106	Utilities;quality of life;English;German
5	Magic Storage	7123680	164256	7671080	new content;quality of life;English;Spanish
6	absoluteAquarian Utilities (SerousCommonLib)	6740251	111216	7108772	Utilities;library;English;Both
7	AlchemistNPC Lite	5539198	138833	6096084	Utilities;quality of life;Gameplay Tweaks;English
8	Ore Excavator (1.4.3/1.4.4 Veinminer)	4752727	108962	5567736	quality of life;library;Utilities;Gameplay Tweaks
9	Subworld Library	5022212	90882	5560300	library;English;German;Italian
10	Luminance	4523272	63714	4876158	Utilities;library;English;German
11	Fargo's Mutant Mod	4117316	87970	4842089	quality of life;English;Russian;Chinese
12	Quality of Terraria	4215069	160815	4631104	new content;Utilities;library;quality of life
13	Boss Cursor	3950435	116327	4405337	Utilities;quality of life;English;Chinese
14	Calamity's Vanities	3556915	111114	4280696	new content;English;Chinese;Both
15	Wing Slot Extra	3239940	98025	3941050	quality of life;Utilities;Both;1.4.4
16	Lights And Shadows	3128842	89516	3902277	Visual Tweaks;Client;1.4.4;1.4.3
17	Catalyst Mod	2765091	88676	3278404	new content;Gameplay Tweaks;Audio Tweaks;Visual Tweaks
18	◆ Calamity Chinese Translation Patch ◆ 灾厄汉化补丁 ◆	3123100	138201	3276218	Translation;English;Chinese;NoSync
19	Census - Town NPC Checklist	2584560	78441	3113480	Utilities;quality of life;English;Spanish
20	Thorium Mod	2313824	50920	3026658	new content;Utilities;Translation;quality of life
21	Fargo's Souls Mod	2363000	52842	3009054	new content;English;Russian;Chinese
22	Calamity: Wrath of the Gods	2565750	52162	3001337	new content;Gameplay Tweaks;Custom World Gen;English
23	Cheat Sheet	2127888	42413	2814154	Utilities;English;German;Italian
24	HERO's Mod	2083858	60944	2711580	Utilities;English;Spanish;Russian
25	LuiAFK Reborn	2110351	51797	2706815	quality of life;Utilities;Both;1.4.4
26	Auto Trash	1964886	66577	2576295	Utilities;quality of life;English;Russian
27	Structure Helper	2004332	33307	2571875	library;Custom World Gen;English;Both
28	DAYBREAK	2249109	20945	2454733	library;English;NoSync;1.4.4
29	SilkyUI	2319418	22215	2452067	quality of life;new content;library;Utilities
30	Calamity Mod Infernum Mode	2048568	26801	2340221	English;Russian;Chinese;Both
31	InnoVault	2003749	35085	2292756	library;English;German;French
32	Auto Reforge	1847859	44798	2280858	quality of life;Utilities;Gameplay Tweaks;Both
33	Vanilla Calamity Mod Music	1685521	50210	2193105	new content;Audio Tweaks;English;Both
34	Basic Automated (Vein) Mining	1667279	51013	2186142	quality of life;Utilities;Gameplay Tweaks;Both
35	Colored Calamity Relics	1753742	54228	2121239	Visual Tweaks;Both;1.4.3;1.4.4
36	Better Boss Health Bar for 1.4.4+	1635801	44984	2087929	quality of life;Visual Tweaks;English;Russian
37	High FPS Support	1683538	39844	2077459	Visual Tweaks;Client;1.4.4;English
38	ArmamentDisplay	1561462	48674	2068777	quality of life;new content;Utilities;Gameplay Tweaks
39	Shorter Respawn Time	1547587	39247	2065880	quality of life;Gameplay Tweaks;English;Spanish
40	Calamity Overhaul	1610106	47231	1999594	new content;Utilities;quality of life;Gameplay Tweaks
41	Which Mod Is This From? (WMITF)	1496441	41127	1957302	quality of life;Client;1.4.4;1.4.3
42	Max Stack Plus Extra	1349439	42068	1919331	quality of life;Both;1.4.4;1.4.3
43	Calamity: Hunt of the Old God	1600673	34774	1917482	new content;Both;1.4.4;English
44	Better Zoom	1304276	34548	1732335	Utilities;quality of life;Visual Tweaks;English
45	Unofficial Calamity Whips	1215834	33877	1705131	new content;Gameplay Tweaks;English;Both
46	The Stars Above	1111889	47582	1672567	new content;Utilities;Gameplay Tweaks;Custom World Gen
47	More Accessory Slots (More Accessories)	1236787	38465	1620373	Utilities;quality of life;Gameplay Tweaks;English
48	Terraria Overhaul (Configuration Update!)	987205	33285	1506065	quality of life;new content;Gameplay Tweaks;Audio Tweaks
49	Autofish	1081547	39355	1495817	quality of life;Utilities;Gameplay Tweaks;Client
50	Fargo's Music Mod	1028788	23588	1430201	Audio Tweaks;Client;1.4.4;1.4.3
51	Calamity - Fargo's Souls DLC	1114251	21200	1426261	new content;Utilities;Gameplay Tweaks;English
52	Dialogue Panel Rework	962226	37631	1416927	quality of life;library;Utilities;Visual Tweaks
53	Calamity Ranger Expansion	989560	25477	1398474	new content;Utilities;quality of life;Gameplay Tweaks
54	Particle Library	956447	18132	1394117	library;English;Both;1.4.3
55	Loot Beams	1004262	25323	1368127	Visual Tweaks;English;Client;1.4.3
56	Shop Expander	1000467	25166	1301616	Utilities;library;quality of life;English
57	Improved Movement Visuals	894794	23282	1250909	Visual Tweaks;NoSync;1.4.4;1.4.3
58	Heart Crystal & Life Fruit Glow	932939	20943	1217909	Utilities;quality of life;Gameplay Tweaks;English
59	HP Awareness	803366	31956	1215762	quality of life;Visual Tweaks;Client;1.4.4
60	Calamity Mod Extra Music	856003	28570	1215224	Audio Tweaks;Client;1.4.4;1.4.3
61	Begone, Evil! (Disable Evil Biome Spread)	937992	14123	1201554	quality of life;Gameplay Tweaks;English;Russian
62	Better Blending	849070	18998	1199715	Visual Tweaks;Client;1.4.4;1.4.3
63	Angler Shop	871364	27185	1176112	quality of life;Gameplay Tweaks;Both;1.4.4
64	[1.4.4] Magic Storage魔法存储拼音搜索	939065	37679	1143513	Client;1.4.4;Chinese
65	Gravitation Don't Flip the Screen	764611	33579	1130568	quality of life;Visual Tweaks;Client;1.4.4
66	Magic Builder	896047	19670	1118673	quality of life;new content;Utilities;Gameplay Tweaks
67	Biome Titles	841349	17015	1115646	Utilities;Gameplay Tweaks;Visual Tweaks;Client
68	CoolerItemVisualEffect	671310	22288	1113508	Gameplay Tweaks;Visual Tweaks;Both;1.4.4
69	OmniSwing	763999	14112	1110096	quality of life;Gameplay Tweaks;Both;1.4.4
70	Infernum Mode Music	924627	10371	1109983	Audio Tweaks;English;Russian;Both
71	Chinese Patch for Fargo's Mutant Mod & Fargo's Souls Mod	801499	34941	1108123	quality of life;Utilities;Visual Tweaks;NoSync
72	Smarter Cursor	779014	23338	1095960	quality of life;Client;1.4.4;1.4.3
73	Antisocial	751998	41480	1091085	quality of life;Gameplay Tweaks;Both;1.4.4
74	Bosses As NPCs	737386	29409	1063258	quality of life;English;Chinese;Both
75	LogSpiral's Library	700447	12763	1044982	library;Both;1.4.4;English
76	Wombat's General Improvements	767489	9181	1037127	quality of life;new content;Gameplay Tweaks;Visual Tweaks
77	Concise Mods List	727174	30314	1012974	Utilities;quality of life;English;Spanish
78	Atmospheric Torches	673205	20916	1012449	Visual Tweaks;Client;1.4.4;1.4.3
79	Consolaria	667302	16481	987405	new content;Custom World Gen;English;Spanish
80	zzp198's WeaponOut Lite	661054	14194	985177	quality of life;Utilities;Visual Tweaks;Client
81	zh-Hans localization for Calamity's Vanity	693513	32852	943015	quality of life;English;Chinese;Client
82	Project tRU	844123	13546	938375	Utilities;Translation;quality of life;Russian
83	Fancy Lighting	590066	13498	880608	Visual Tweaks;English;Client;1.4.3
84	Terraria Ambience	543571	12056	874969	quality of life;Audio Tweaks;English;Both
85	Spirit Classic	536762	18069	874676	new content;quality of life;Gameplay Tweaks;Custom World Gen
86	Calamity Fables	669716	23596	873674	new content;Custom World Gen;English;Spanish
87	Terraria Ambience API	569219	8409	870114	library;Both;1.4.4;1.4.3
88	Call of Void	695284	18687	866779	new content;Utilities;quality of life;Gameplay Tweaks
89	Summoner UI (Latest Stable Release)	642506	12729	860767	quality of life;Utilities;Visual Tweaks;Client
90	Shared World Map	606355	14885	858285	Utilities;quality of life;Gameplay Tweaks;Both
91	Syla's Resource Pack Library	665131	5796	855464	library;Utilities;Client;1.4.4
92	DPSExtreme	594572	19090	846867	quality of life;Utilities;Gameplay Tweaks;Both
93	Starlight River	513194	21553	842082	new content;Gameplay Tweaks;Audio Tweaks;Visual Tweaks
94	tML Language Pack Fix	662279	20075	833652	quality of life;Utilities;Gameplay Tweaks;Client
95	Armor Modifiers & Reforging	529049	18064	832014	quality of life;Gameplay Tweaks;Both;1.4.4
96	Friendly NPCs Don't Die	601739	12210	831982	quality of life;Gameplay Tweaks;Both;1.4.4
97	WorldGen Previewer	560787	14028	831080	quality of life;Custom World Gen;Client;1.4.4
98	Impact Library	534750	11479	823547	library;Utilities;Gameplay Tweaks;Both
99	Helpful NPCs	549235	18379	805049	quality of life;new content;Both;1.4.4
100	Fargo's Best of Both Worlds	513591	13689	765555	Custom World Gen;Both;1.4.4;1.4.3
101	Colored Damage Types	544900	11737	761190	quality of life;Utilities;Visual Tweaks;Both
102	MEAC - 原版内容重置 demo	450975	19302	737673	new content;Gameplay Tweaks;Visual Tweaks;Both
103	Fargo's Soul Mod Extras	467485	12770	737354	new content;Both;1.4.4;1.4.3
104	Realistic Sky	544619	10721	732828	Gameplay Tweaks;Visual Tweaks;Client;1.4.4
105	Recipe Browser && Magic Storage	455830	6585	730833	quality of life;Client;1.4.4;1.4.3
106	Mod of Redemption [BETA]	422696	17382	728124	new content;Utilities;quality of life;Gameplay Tweaks
107	No Pylon Restrictions	525138	13058	724597	quality of life;Gameplay Tweaks;Both;1.4.4
108	Infernum Master and Legendary Modes Patch	438847	10952	719507	quality of life;Utilities;Gameplay Tweaks;Both
109	Secrets Of The Shadows	434127	13984	714012	new content;quality of life;Custom World Gen;English
110	Rainbow Master: Colored Relics	538072	15781	713963	quality of life;Visual Tweaks;English;Chinese
111	Better Caves	515580	10774	707105	quality of life;new content;Custom World Gen;Both
112	BossHealthBar(Boss血条)	414050	16453	700271	quality of life;Utilities;Client;1.4.4
113	No More Tombs	496654	6495	698696	Utilities;Both;1.4.4;1.4.3
114	[1.4.4]OreExcavator汉化	474465	18825	691226	quality of life;Client;1.4.4;Chinese
115	LuiAFKReborn汉化1.4.4	485716	18354	686679	Utilities;Translation;quality of life;Chinese
116	Teleport All NPC Home	471090	17279	686286	quality of life;Utilities;Both;1.4.4
117	Craftable Calamity Items	441939	9389	679989	Utilities;quality of life;Both;1.4.3
118	Compare Item Stats	420700	9127	671719	quality of life;Client;1.4.4;1.4.3
119	Boss Intros	434574	9275	667245	quality of life;Utilities;Visual Tweaks;Client
120	Calamity Flamethrowers	384629	10342	652992	new content;English;Both;1.4.3
